Workbook

Sheet Data
A1: ID | B1: Category | C1: Sales | D1: Profit | E1: Rating
A2: 1 | B2: Medium | C2: 23390 | D2: 13772 | E2: 3.01
A3: 2 | B3: Low | C3: 38292 | D3: 6950 | E3: 4.52
A4: 3 | B4: Low | C4: 40524 | D4: 12224 | E4: 1.17
A5: 4 | B5: Low | C5: 35298 | D5: -921 | E5: 2.16
A6: 5 | B6: High | C6: 23576 | D6: 1869 | E6: 1.71
A7: 6 | B7: Low | C7: 16912 | D7: 2761 | E7: 1.29
A8: 7 | B8: High | C8: 30466 | D8: 6889 | E8: 1.08
A9: 8 | B9: High | C9: 12082 | D9: 11901 | E9: 2.5
A10: 9 | B10: Medium | C10: 6870 | D10: 18744 | E10: 2.33
A11: 10 | B11: High | C11: 31952 | D11: 5542 | E11: 3.26
A12: 11 | B12: Medium | C12: 1257 | D12: 1369 | E12: 1.74
A13: 12 | B13: High | C13: 38951 | D13: 5898 | E13: 2.1
... A551: 550 | B551: High | C551: 8368 | D551: 19452 | E551: 1.7

Sheet Questions
A1: 1. IF: Sales > 20000 then 'Good' else 'Bad'
A2: 2. IFERROR: Profit/Sales (handle divide by zero)
A3: 3. AND: Sales > 10000 AND Profit > 0
A4: 4. OR: Sales > 40000 OR Rating > 4
A5: 5. CHOOSE: Convert Category to score (Low=1, Medium=2, High=3)
A6: 6. Nested IF: Rating >=4 'Excellent', >=3 'Average', else 'Poor'

Sheet Answers
A1: ID | B1: IF Result | C1: IFERROR Result | D1: AND Result | E1: OR Result | F1: CHOOSE Result | G1: Nested IF Result
A2: =Data!A2 | B2: =IF(Data!C2>20000,"Good","Bad") | C2: =IFERROR(Data!D2/Data!C2,"Error") | D2: =AND(Data!C2>10000,Data!D2>0) | E2: =OR(Data!C2>40000,Data!E2>4) | F2: =CHOOSE(MATCH(Data!B2,{"Low","Medium","High"},0),1,2,3) | G2: =IF(Data!E2>=4,"Excellent",IF(Data!E2>=3,"Average","Poor"))
A3: =Data!A3 | B3: =IF(Data!C3>20000,"Good","Bad") | C3: =IFERROR(Data!D3/Data!C3,"Error") | D3: =AND(Data!C3>10000,Data!D3>0) | E3: =OR(Data!C3>40000,Data!E3>4) | F3: =CHOOSE(MATCH(Data!B3,{"Low","Medium","High"},0),1,2,3) | G3: =IF(Data!E3>=4,"Excellent",IF(Data!E3>=3,"Average","Poor"))
A4: =Data!A4 | B4: =IF(Data!C4>20000,"Good","Bad") | C4: =IFERROR(Data!D4/Data!C4,"Error") | D4: =AND(Data!C4>10000,Data!D4>0) | E4: =OR(Data!C4>40000,Data!E4>4) | F4: =CHOOSE(MATCH(Data!B4,{"Low","Medium","High"},0),1,2,3) | G4: =IF(Data!E4>=4,"Excellent",IF(Data!E4>=3,"Average","Poor"))
A5: =Data!A5 | B5: =IF(Data!C5>20000,"Good","Bad") | C5: =IFERROR(Data!D5/Data!C5,"Error") | D5: =AND(Data!C5>10000,Data!D5>0) | E5: =OR(Data!C5>40000,Data!E5>4) | F5: =CHOOSE(MATCH(Data!B5,{"Low","Medium","High"},0),1,2,3) | G5: =IF(Data!E5>=4,"Excellent",IF(Data!E5>=3,"Average","Poor"))
A6: =Data!A6 | B6: =IF(Data!C6>20000,"Good","Bad") | C6: =IFERROR(Data!D6/Data!C6,"Error") | D6: =AND(Data!C6>10000,Data!D6>0) | E6: =OR(Data!C6>40000,Data!E6>4) | F6: =CHOOSE(MATCH(Data!B6,{"Low","Medium","High"},0),1,2,3) | G6: =IF(Data!E6>=4,"Excellent",IF(Data!E6>=3,"Average","Poor"))
A7: =Data!A7 | B7: =IF(Data!C7>20000,"Good","Bad") | C7: =IFERROR(Data!D7/Data!C7,"Error") | D7: =AND(Data!C7>10000,Data!D7>0) | E7: =OR(Data!C7>40000,Data!E7>4) | F7: =CHOOSE(MATCH(Data!B7,{"Low","Medium","High"},0),1,2,3) | G7: =IF(Data!E7>=4,"Excellent",IF(Data!E7>=3,"Average","Poor"))
A8: =Data!A8 | B8: =IF(Data!C8>20000,"Good","Bad") | C8: =IFERROR(Data!D8/Data!C8,"Error") | D8: =AND(Data!C8>10000,Data!D8>0) | E8: =OR(Data!C8>40000,Data!E8>4) | F8: =CHOOSE(MATCH(Data!B8,{"Low","Medium","High"},0),1,2,3) | G8: =IF(Data!E8>=4,"Excellent",IF(Data!E8>=3,"Average","Poor"))
A9: =Data!A9 | B9: =IF(Data!C9>20000,"Good","Bad") | C9: =IFERROR(Data!D9/Data!C9,"Error") | D9: =AND(Data!C9>10000,Data!D9>0) | E9: =OR(Data!C9>40000,Data!E9>4) | F9: =CHOOSE(MATCH(Data!B9,{"Low","Medium","High"},0),1,2,3) | G9: =IF(Data!E9>=4,"Excellent",IF(Data!E9>=3,"Average","Poor"))
A10: =Data!A10 | B10: =IF(Data!C10>20000,"Good","Bad") | C10: =IFERROR(Data!D10/Data!C10,"Error") | D10: =AND(Data!C10>10000,Data!D10>0) | E10: =OR(Data!C10>40000,Data!E10>4) | F10: =CHOOSE(MATCH(Data!B10,{"Low","Medium","High"},0),1,2,3) | G10: =IF(Data!E10>=4,"Excellent",IF(Data!E10>=3,"Average","Poor"))
A11: =Data!A11 | B11: =IF(Data!C11>20000,"Good","Bad") | C11: =IFERROR(Data!D11/Data!C11,"Error") | D11: =AND(Data!C11>10000,Data!D11>0) | E11: =OR(Data!C11>40000,Data!E11>4) | F11: =CHOOSE(MATCH(Data!B11,{"Low","Medium","High"},0),1,2,3) | G11: =IF(Data!E11>=4,"Excellent",IF(Data!E11>=3,"Average","Poor"))
A12: =Data!A12 | B12: =IF(Data!C12>20000,"Good","Bad") | C12: =IFERROR(Data!D12/Data!C12,"Error") | D12: =AND(Data!C12>10000,Data!D12>0) | E12: =OR(Data!C12>40000,Data!E12>4) | F12: =CHOOSE(MATCH(Data!B12,{"Low","Medium","High"},0),1,2,3) | G12: =IF(Data!E12>=4,"Excellent",IF(Data!E12>=3,"Average","Poor"))
A13: =Data!A13 | B13: =IF(Data!C13>20000,"Good","Bad") | C13: =IFERROR(Data!D13/Data!C13,"Error") | D13: =AND(Data!C13>10000,Data!D13>0) | E13: =OR(Data!C13>40000,Data!E13>4) | F13: =CHOOSE(MATCH(Data!B13,{"Low","Medium","High"},0),1,2,3) | G13: =IF(Data!E13>=4,"Excellent",IF(Data!E13>=3,"Average","Poor"))
... A551: =Data!A551 | B551: =IF(Data!C551>20000,"Good","Bad") | C551: =IFERROR(Data!D551/Data!C551,"Error") | D551: =AND(Data!C551>10000,Data!D551>0) | E551: =OR(Data!C551>40000,Data!E551>4) | F551: =CHOOSE(MATCH(Data!B551,{"Low","Medium","High"},0),1,2,3) | G551: =IF(Data!E551>=4,"Excellent",IF(Data!E551>=3,"Average","Poor"))
