Workbook

Sheet Products
A1: ProductID | B1: ProductName | C1: Category | D1: BasePrice | E1: Region
A2: P001 | B2: Gamma-1 | C2: Electronics | D2: 447 | E2: North
A3: P002 | B3: Eta-2 | C3: Sports | D3: 68 | E3: South
A4: P003 | B4: Iota-3 | C4: Home | D4: 341 | E4: West
A5: P004 | B5: Beta-4 | C5: Sports | D5: 288 | E5: South
A6: P005 | B6: Alpha-5 | C6: Home | D6: 361 | E6: East
A7: P006 | B7: Theta-6 | C7: Home | D7: 215 | E7: South
A8: P007 | B8: Kappa-7 | C8: Electronics | D8: 341 | E8: South
A9: P008 | B9: Alpha-8 | C9: Sports | D9: 271 | E9: North
A10: P009 | B10: Theta-9 | C10: Sports | D10: 266 | E10: East
A11: P010 | B11: Theta-10 | C11: Sports | D11: 404 | E11: West
A12: P011 | B12: Zeta-11 | C12: Clothing | D12: 269 | E12: West
A13: P012 | B13: Iota-12 | C13: Sports | D13: 58 | E13: West
... A51: P050 | B51: Beta-50 | C51: Sports | D51: 153 | E51: North

Sheet Sales
A1: TxnID | B1: Date | C1: ProductID | D1: Quantity | E1: UnitPrice | F1: Region
A2: T0001 | B2: 2024-04-26 | C2: P002 | D2: 19 | E2: 442 | F2: West
A3: T0002 | B3: 2024-07-11 | C3: P006 | D3: 6 | E3: 69 | F3: North
A4: T0003 | B4: 2024-09-11 | C4: P013 | D4: 4 | E4: 330 | F4: North
A5: T0004 | B5: 2024-07-13 | C5: P010 | D5: 14 | E5: 366 | F5: North
A6: T0005 | B6: 2024-08-19 | C6: P012 | D6: 3 | E6: 433 | F6: East
A7: T0006 | B7: 2024-07-02 | C7: P038 | D7: 20 | E7: 398 | F7: North
A8: T0007 | B8: 2024-07-13 | C8: P038 | D8: 11 | E8: 301 | F8: South
A9: T0008 | B9: 2024-01-26 | C9: P041 | D9: 16 | E9: 491 | F9: East
A10: T0009 | B10: 2024-04-27 | C10: P020 | D10: 10 | E10: 441 | F10: West
A11: T0010 | B11: 2024-08-13 | C11: P012 | D11: 15 | E11: 285 | F11: North
A12: T0011 | B12: 2024-02-01 | C12: P015 | D12: 7 | E12: 359 | F12: North
A13: T0012 | B13: 2024-09-15 | C13: P049 | D13: 16 | E13: 394 | F13: North
... A601: T0600 | B601: 2024-05-15 | C601: P043 | D601: 5 | E601: 164 | F601: South

Sheet Questions
A1: Super Advanced Questions (Use VLOOKUP, HLOOKUP, INDEX, MATCH, XLOOKUP, OFFSET)
A2: 1. Fetch ProductName for each Sales row using VLOOKUP
A3: 2. Fetch Category using INDEX + MATCH (avoid VLOOKUP)
A4: 3. Get BasePrice using XLOOKUP
A5: 4. Calculate Revenue = Quantity * UnitPrice
A6: 5. Use MATCH to find position of ProductID in Products table
A7: 6. Use OFFSET to dynamically fetch UnitPrice shifted by 1 row down
A8: 7. HLOOKUP scenario: Create a small horizontal table (manually) and lookup Region-based value
A9: 8. Advanced: If Revenue > 5000 and Category='Electronics' then 'High Value' else 'Normal'
A10: 9. Find latest transaction date for a ProductID using MAX + IF (array thinking)
A11: 10. Dynamic lookup: Switch between BasePrice and Category using CHOOSE + MATCH

Sheet Answers
A1: TxnID | B1: ProductName | C1: Category | D1: BasePrice | E1: Revenue | F1: Position | G1: OffsetPrice | H1: Flag
A2: =Sales!A2 | B2: =VLOOKUP(Sales!C2,Products!A:E,2,FALSE) | C2: =INDEX(Products!C:C, MATCH(Sales!C2, Products!A:A, 0)) | D2: =XLOOKUP(Sales!C2, Products!A:A, Products!D:D) | E2: =Sales!D2*Sales!E2 | F2: =MATCH(Sales!C2, Products!A:A, 0) | G2: =OFFSET(Sales!E2,1,0) | H2: =IF(AND(Sales!D2*Sales!E2>5000, INDEX(Products!C:C, MATCH(Sales!C2, Products!A:A, 0))="Electronics"),"High Value","Normal")
A3: =Sales!A3 | B3: =VLOOKUP(Sales!C3,Products!A:E,2,FALSE) | C3: =INDEX(Products!C:C, MATCH(Sales!C3, Products!A:A, 0)) | D3: =XLOOKUP(Sales!C3, Products!A:A, Products!D:D) | E3: =Sales!D3*Sales!E3 | F3: =MATCH(Sales!C3, Products!A:A, 0) | G3: =OFFSET(Sales!E3,1,0) | H3: =IF(AND(Sales!D3*Sales!E3>5000, INDEX(Products!C:C, MATCH(Sales!C3, Products!A:A, 0))="Electronics"),"High Value","Normal")
A4: =Sales!A4 | B4: =VLOOKUP(Sales!C4,Products!A:E,2,FALSE) | C4: =INDEX(Products!C:C, MATCH(Sales!C4, Products!A:A, 0)) | D4: =XLOOKUP(Sales!C4, Products!A:A, Products!D:D) | E4: =Sales!D4*Sales!E4 | F4: =MATCH(Sales!C4, Products!A:A, 0) | G4: =OFFSET(Sales!E4,1,0) | H4: =IF(AND(Sales!D4*Sales!E4>5000, INDEX(Products!C:C, MATCH(Sales!C4, Products!A:A, 0))="Electronics"),"High Value","Normal")
A5: =Sales!A5 | B5: =VLOOKUP(Sales!C5,Products!A:E,2,FALSE) | C5: =INDEX(Products!C:C, MATCH(Sales!C5, Products!A:A, 0)) | D5: =XLOOKUP(Sales!C5, Products!A:A, Products!D:D) | E5: =Sales!D5*Sales!E5 | F5: =MATCH(Sales!C5, Products!A:A, 0) | G5: =OFFSET(Sales!E5,1,0) | H5: =IF(AND(Sales!D5*Sales!E5>5000, INDEX(Products!C:C, MATCH(Sales!C5, Products!A:A, 0))="Electronics"),"High Value","Normal")
A6: =Sales!A6 | B6: =VLOOKUP(Sales!C6,Products!A:E,2,FALSE) | C6: =INDEX(Products!C:C, MATCH(Sales!C6, Products!A:A, 0)) | D6: =XLOOKUP(Sales!C6, Products!A:A, Products!D:D) | E6: =Sales!D6*Sales!E6 | F6: =MATCH(Sales!C6, Products!A:A, 0) | G6: =OFFSET(Sales!E6,1,0) | H6: =IF(AND(Sales!D6*Sales!E6>5000, INDEX(Products!C:C, MATCH(Sales!C6, Products!A:A, 0))="Electronics"),"High Value","Normal")
A7: =Sales!A7 | B7: =VLOOKUP(Sales!C7,Products!A:E,2,FALSE) | C7: =INDEX(Products!C:C, MATCH(Sales!C7, Products!A:A, 0)) | D7: =XLOOKUP(Sales!C7, Products!A:A, Products!D:D) | E7: =Sales!D7*Sales!E7 | F7: =MATCH(Sales!C7, Products!A:A, 0) | G7: =OFFSET(Sales!E7,1,0) | H7: =IF(AND(Sales!D7*Sales!E7>5000, INDEX(Products!C:C, MATCH(Sales!C7, Products!A:A, 0))="Electronics"),"High Value","Normal")
A8: =Sales!A8 | B8: =VLOOKUP(Sales!C8,Products!A:E,2,FALSE) | C8: =INDEX(Products!C:C, MATCH(Sales!C8, Products!A:A, 0)) | D8: =XLOOKUP(Sales!C8, Products!A:A, Products!D:D) | E8: =Sales!D8*Sales!E8 | F8: =MATCH(Sales!C8, Products!A:A, 0) | G8: =OFFSET(Sales!E8,1,0) | H8: =IF(AND(Sales!D8*Sales!E8>5000, INDEX(Products!C:C, MATCH(Sales!C8, Products!A:A, 0))="Electronics"),"High Value","Normal")
A9: =Sales!A9 | B9: =VLOOKUP(Sales!C9,Products!A:E,2,FALSE) | C9: =INDEX(Products!C:C, MATCH(Sales!C9, Products!A:A, 0)) | D9: =XLOOKUP(Sales!C9, Products!A:A, Products!D:D) | E9: =Sales!D9*Sales!E9 | F9: =MATCH(Sales!C9, Products!A:A, 0) | G9: =OFFSET(Sales!E9,1,0) | H9: =IF(AND(Sales!D9*Sales!E9>5000, INDEX(Products!C:C, MATCH(Sales!C9, Products!A:A, 0))="Electronics"),"High Value","Normal")
A10: =Sales!A10 | B10: =VLOOKUP(Sales!C10,Products!A:E,2,FALSE) | C10: =INDEX(Products!C:C, MATCH(Sales!C10, Products!A:A, 0)) | D10: =XLOOKUP(Sales!C10, Products!A:A, Products!D:D) | E10: =Sales!D10*Sales!E10 | F10: =MATCH(Sales!C10, Products!A:A, 0) | G10: =OFFSET(Sales!E10,1,0) | H10: =IF(AND(Sales!D10*Sales!E10>5000, INDEX(Products!C:C, MATCH(Sales!C10, Products!A:A, 0))="Electronics"),"High Value","Normal")
A11: =Sales!A11 | B11: =VLOOKUP(Sales!C11,Products!A:E,2,FALSE) | C11: =INDEX(Products!C:C, MATCH(Sales!C11, Products!A:A, 0)) | D11: =XLOOKUP(Sales!C11, Products!A:A, Products!D:D) | E11: =Sales!D11*Sales!E11 | F11: =MATCH(Sales!C11, Products!A:A, 0) | G11: =OFFSET(Sales!E11,1,0) | H11: =IF(AND(Sales!D11*Sales!E11>5000, INDEX(Products!C:C, MATCH(Sales!C11, Products!A:A, 0))="Electronics"),"High Value","Normal")
A12: =Sales!A12 | B12: =VLOOKUP(Sales!C12,Products!A:E,2,FALSE) | C12: =INDEX(Products!C:C, MATCH(Sales!C12, Products!A:A, 0)) | D12: =XLOOKUP(Sales!C12, Products!A:A, Products!D:D) | E12: =Sales!D12*Sales!E12 | F12: =MATCH(Sales!C12, Products!A:A, 0) | G12: =OFFSET(Sales!E12,1,0) | H12: =IF(AND(Sales!D12*Sales!E12>5000, INDEX(Products!C:C, MATCH(Sales!C12, Products!A:A, 0))="Electronics"),"High Value","Normal")
A13: =Sales!A13 | B13: =VLOOKUP(Sales!C13,Products!A:E,2,FALSE) | C13: =INDEX(Products!C:C, MATCH(Sales!C13, Products!A:A, 0)) | D13: =XLOOKUP(Sales!C13, Products!A:A, Products!D:D) | E13: =Sales!D13*Sales!E13 | F13: =MATCH(Sales!C13, Products!A:A, 0) | G13: =OFFSET(Sales!E13,1,0) | H13: =IF(AND(Sales!D13*Sales!E13>5000, INDEX(Products!C:C, MATCH(Sales!C13, Products!A:A, 0))="Electronics"),"High Value","Normal")
... A601: =Sales!A601 | B601: =VLOOKUP(Sales!C601,Products!A:E,2,FALSE) | C601: =INDEX(Products!C:C, MATCH(Sales!C601, Products!A:A, 0)) | D601: =XLOOKUP(Sales!C601, Products!A:A, Products!D:D) | E601: =Sales!D601*Sales!E601 | F601: =MATCH(Sales!C601, Products!A:A, 0) | G601: =OFFSET(Sales!E601,1,0) | H601: =IF(AND(Sales!D601*Sales!E601>5000, INDEX(Products!C:C, MATCH(Sales!C601, Products!A:A, 0))="Electronics"),"High Value","Normal")
